{
  "epochs": [
    20,
    40,
    60,
    80,
    100,
    120,
    140,
    160,
    180,
    200
  ],
  "train_losses": {
    "0": [
      1.55273966056491,
      1.3594278394761568,
      1.0508520793708305,
      0.842704879875002,
      0.7805019312780305,
      0.5101653089708061,
      0.48546355408943254,
      0.3497987446695742,
      0.31576674605932337,
      0.2885407899300945
    ],
    "1": [
      1.5183369912233302,
      1.2237557853172734,
      0.8421882807388216,
      0.7879550119087816,
      0.69806331976535,
      0.5762265847206743,
      0.4552665104338166,
      0.33662965466586503,
      0.22269447160055206,
      0.17496387653454637
    ],
    "2": [
      1.3406761287174505,
      1.0673172832103968,
      0.8790679628583112,
      0.6946723490524911,
      0.6106864062441536,
      0.5044256103204763,
      0.36821821652137865,
      0.30442537027888694,
      0.32066301568012723,
      0.2343887108072003
    ],
    "3": [
      1.0657955340130334,
      0.9086951654221075,
      0.7716197037617065,
      0.6977485768855045,
      0.5694186589266339,
      0.44113048531582055,
      0.3984918681234764,
      0.32949986861729585,
      0.2503403693524725,
      0.24980904116779923
    ],
    "4": [
      1.0757436615870113,
      0.8077736453605743,
      0.7254776832954454,
      0.5915993203658605,
      0.4387315972196232,
      0.2997208792994348,
      0.27366978912769296,
      0.24257701362643494,
      0.16951457783118076,
      0.14769879253914234
    ]
  },
  "val_losses": {
    "0": [
      1.7324354215091948,
      1.4951877783428194,
      1.2278298568577857,
      0.9370918987937723,
      0.8563040483762911,
      0.5506681922015491,
      0.5280037292629579,
      0.40873808367672654,
      0.28747552418196476,
      0.31975887506161116
    ],
    "1": [
      1.6410405766313663,
      1.3706162564792568,
      0.947985235247625,
      0.8099292811854979,
      0.8011623396483897,
      0.6651498213172163,
      0.5283705596342133,
      0.3469906775725204,
      0.2690704027954509,
      0.24239806008785839
    ],
    "2": [
      1.512300592388452,
      1.1863819638550066,
      0.9685825009918055,
      0.7648985651581172,
      0.621580383570446,
      0.5583900606072597,
      0.3912758028089868,
      0.39536906706149844,
      0.33130401374643287,
      0.26605754279102445
    ],
    "3": [
      1.1867533984278316,
      1.0115014392876267,
      0.8338680375673041,
      0.8238029639489906,
      0.6208768053378004,
      0.433147267289341,
      0.4255602243495187,
      0.4109348269001784,
      0.2439119671873345,
      0.2620479159948875
    ],
    "4": [
      1.1904268632326076,
      0.8823440605338174,
      0.7937937718153437,
      0.6929663711996276,
      0.44366836896875145,
      0.30205410503343755,
      0.3022873275385329,
      0.3018880485437513,
      0.1864906218426742,
      0.12743426339457795
    ]
  },
  "layer_correlations": {
    "0": [
      0.16201187223836047,
      0.18769171718343958,
      0.3258656299377294,
      0.47415270431109846,
      0.42814316219075305,
      0.5660709354077335,
      0.6165405375473851,
      0.7454906231466981,
      0.8303717233895712,
      0.841918146090178
    ],
    "1": [
      0.18765264616818259,
      0.20527462569762567,
      0.3662794531192315,
      0.39405862121556046,
      0.48064131142664285,
      0.6434697507361022,
      0.6252342746268145,
      0.7563290516879166,
      0.8166709690257544,
      0.9
    ],
    "2": [
      0.14812664932603642,
      0.3219156584056285,
      0.34206181610577163,
      0.4147613791357406,
      0.5572932246895207,
      0.5760811411147263,
      0.6903506634346332,
      0.7878413534201101,
      0.8135473265412486,
      0.9
    ],
    "3": [
      0.2034972877505467,
      0.2924566992264163,
      0.3094136227793752,
      0.4567721852123992,
      0.5552812431871096,
      0.6023446910792823,
      0.624935430851932,
      0.7653138364482844,
      0.7828541036126976,
      0.9
    ],
    "4": [
      0.17394572831182625,
      0.20223658618212997,
      0.3808845330671649,
      0.4009113288637402,
      0.3430966226281622,
      0.6184157104211311,
      0.7137918089895313,
      0.65284717211858,
      0.8624464106013755,
      0.8513380275663072
    ]
  }
}