{
  "epochs": [
    20,
    40,
    60,
    80,
    100,
    120,
    140,
    160,
    180,
    200
  ],
  "train_losses": {
    "0": [
      1.6662959609122836,
      1.4238985487416795,
      1.0725924257050206,
      0.8677487013562349,
      0.7685770564368031,
      0.6524801146410569,
      0.39594388817434345,
      0.39593437238715223,
      0.3355498211070976,
      0.22800787824612778
    ],
    "1": [
      1.4566210937567776,
      1.2731508971969148,
      1.030691514289739,
      0.763573995813646,
      0.6037156148072582,
      0.5251652942711762,
      0.4540908322009041,
      0.4775506854742371,
      0.28119781621630424,
      0.27771353873645815
    ],
    "2": [
      1.3649027336084956,
      1.1146382450079149,
      0.903443658188521,
      0.7334016847977533,
      0.5229522664124115,
      0.4090647763726298,
      0.4039984807375254,
      0.3480032961265481,
      0.24200108873160345,
      0.2149208830405018
    ],
    "3": [
      1.1095554718143696,
      0.9226326195939882,
      0.8149368088403943,
      0.5944825514454012,
      0.5275817353403266,
      0.41562305695033747,
      0.33644491915074537,
      0.2171129333391268,
      0.21331167185423988,
      0.19030253075151948
    ],
    "4": [
      0.9703268306723235,
      0.8720624267720986,
      0.7102525132153501,
      0.49161513073140084,
      0.3936208483213113,
      0.33888445743142176,
      0.4008073908206464,
      0.2576508116745018,
      0.18545141669416365,
      0.09463192901158929
    ]
  },
  "val_losses": {
    "0": [
      1.8423425454694657,
      1.4943020898577428,
      1.1832633830200616,
      0.9530125380485778,
      0.8543178277039657,
      0.7192181274300121,
      0.3883283874428247,
      0.4089740132028899,
      0.31433803630809143,
      0.2735254707105007
    ],
    "1": [
      1.5752806406525333,
      1.4138596029206034,
      1.1307618789975407,
      0.811328355463451,
      0.6779640082872008,
      0.5901515702985751,
      0.5459286366896077,
      0.6160401325734798,
      0.29303816941173216,
      0.34255664494117744
    ],
    "2": [
      1.5727303643786485,
      1.2742573928077907,
      0.9850272055700043,
      0.8363584599226088,
      0.5679981189678287,
      0.4472047574385926,
      0.4602727490777088,
      0.40422881379121384,
      0.27696359674577925,
      0.24388456241503997
    ],
    "3": [
      1.2286816102586389,
      1.0102649760505582,
      0.8842739302903194,
      0.6906507503130168,
      0.6102079426048571,
      0.39191749599745634,
      0.41607517712148406,
      0.26108095541734144,
      0.2679141184934577,
      0.19982688378919553
    ],
    "4": [
      1.069562917282983,
      0.9637387993008317,
      0.7734170852786021,
      0.5343795210981354,
      0.4326486560033568,
      0.48743184900235176,
      0.436261000666271,
      0.2235570560208028,
      0.208031955600726,
      0.07125608426283107
    ]
  },
  "layer_correlations": {
    "0": [
      0.13436231864829265,
      0.24536867025646036,
      0.4577165991094973,
      0.4351532740214903,
      0.47341458688345384,
      0.5428081027578033,
      0.6858831683582584,
      0.7779786674100263,
      0.8244228343935526,
      0.8099531264091754
    ],
    "1": [
      0.22435248705922564,
      0.3029430112079041,
      0.2868692058569817,
      0.3985072182764913,
      0.5287433954112843,
      0.5758188668168003,
      0.7170890909889633,
      0.7088044163888354,
      0.7870079300222514,
      0.8573108437243939
    ],
    "2": [
      0.25046744260817694,
      0.27791486649870584,
      0.3218800681546891,
      0.4904288063720162,
      0.5296898313643027,
      0.6026172790527002,
      0.6715183878994757,
      0.8249331218998109,
      0.9,
      0.8803842960370033
    ],
    "3": [
      0.18074335641182018,
      0.207148183573609,
      0.36840025880797256,
      0.45635435819284204,
      0.5566594862772777,
      0.5992942174931992,
      0.6874562527239543,
      0.6538790812354387,
      0.7916979637619839,
      0.9
    ],
    "4": [
      0.12590485744649751,
      0.21520694970041387,
      0.35494857976377286,
      0.4336438181518911,
      0.4455574841781651,
      0.6490285034750549,
      0.710636078017188,
      0.7747998547652799,
      0.7510147540119507,
      0.8435252076736066
    ]
  }
}