{
  "epochs": [
    20,
    40,
    60,
    80,
    100,
    120,
    140,
    160,
    180,
    200
  ],
  "train_losses": {
    "0": [
      1.6893526482657857,
      1.3608502531687707,
      1.0830153846399218,
      0.8931824588487084,
      0.7479271587128412,
      0.5584120864961382,
      0.4237315714635101,
      0.41102564015443094,
      0.28039349942720365,
      0.3221320550973642
    ],
    "1": [
      1.463740651712018,
      1.161717093467982,
      0.9429470864654306,
      0.7156659730059813,
      0.6579957693797667,
      0.4845162336599208,
      0.49223789142465135,
      0.2956092210204787,
      0.29896709282045586,
      0.253907074564752
    ],
    "2": [
      1.3093066353804108,
      1.0478750701385877,
      0.912810309490575,
      0.7475931553717532,
      0.5075679198474761,
      0.46840925957885554,
      0.43367365953433434,
      0.3358606163734339,
      0.31156725551525305,
      0.22659472234200528
    ],
    "3": [
      1.1638029272381343,
      0.9579488508799662,
      0.813611125292836,
      0.6152398697969385,
      0.5440189462053014,
      0.39670859507277784,
      0.37212029721386364,
      0.2308687877416461,
      0.17154785548773843,
      0.1788930764558864
    ],
    "4": [
      0.9032453965883185,
      0.8470083293902188,
      0.6778861802666033,
      0.4191852377014047,
      0.4240554045184368,
      0.42574463036230425,
      0.28954778111021684,
      0.28736596961918226,
      0.15240180905971035,
      0.17500322083813996
    ]
  },
  "val_losses": {
    "0": [
      1.8917374251403056,
      1.4597455366679948,
      1.1867796878703953,
      1.0203055243013202,
      0.7984061422429618,
      0.6141076466948544,
      0.44908285792224084,
      0.43818746713840867,
      0.3294701742983791,
      0.3871179042510018
    ],
    "1": [
      1.6660290586897302,
      1.2930725257087892,
      1.0179178513908413,
      0.8070937389321574,
      0.7153084185692934,
      0.5458371212162807,
      0.6054730637328313,
      0.3454936827844832,
      0.3483753855168942,
      0.30517541868652615
    ],
    "2": [
      1.46113014577822,
      1.165199888899928,
      1.0501032716336276,
      0.8672025615636132,
      0.5479833556427991,
      0.510924598922782,
      0.4862277762620278,
      0.4069589062373616,
      0.34134249056770366,
      0.24701169582744587
    ],
    "3": [
      1.302950036863751,
      1.0750357018196044,
      0.9578644117070431,
      0.6600057189398548,
      0.6058195097756751,
      0.46215104932636164,
      0.4403169508605949,
      0.24395994763305548,
      0.22243340420985847,
      0.21000647180369267
    ],
    "4": [
      0.984984987616405,
      0.9305691652253025,
      0.7690591989009672,
      0.4891306198572204,
      0.4856545676879448,
      0.48507808449917944,
      0.32344877813022793,
      0.3223833857168168,
      0.18861507330515714,
      0.1736999240085546
    ]
  },
  "layer_correlations": {
    "0": [
      0.15234444255328328,
      0.2783801872208204,
      0.2850830826299199,
      0.4858058052262926,
      0.5286892244299253,
      0.6251030824603476,
      0.6739986510320658,
      0.7387983989554359,
      0.8306434307490673,
      0.8788434729226864
    ],
    "1": [
      0.22985661857613404,
      0.19040053273860685,
      0.3229085815443486,
      0.43829298854802845,
      0.5322716488508218,
      0.5928773389409697,
      0.6327979156035134,
      0.7342304753935884,
      0.8612660140061593,
      0.8908515319410689
    ],
    "2": [
      0.15963280379858175,
      0.26110768925955363,
      0.3435274609621527,
      0.4399187677817858,
      0.4165920760391616,
      0.386796945001567,
      0.6739295237964095,
      0.8301464548941881,
      0.8393559180798116,
      0.8830670382447199
    ],
    "3": [
      0.23061366209277018,
      0.19835627143783985,
      0.2407168481602623,
      0.40075367500317643,
      0.6303799568926645,
      0.5800209218147562,
      0.5680886511039329,
      0.7890106707713587,
      0.8227642935494562,
      0.9
    ],
    "4": [
      0.2098104095959805,
      0.24038228025414984,
      0.25194486301130664,
      0.4036951480729757,
      0.48768352733784776,
      0.6076610180707143,
      0.6087103992206905,
      0.745399977604252,
      0.7444090094983569,
      0.8854585616936284
    ]
  }
}